region,year,month,date,international_tourist_arrivals_million,unit,data_status,annual_total_million_used_for_scaling,source_note
Asia and the Pacific,2019,1,2019-01,30.872,million arrivals,digitized from official UN Tourism chart; annual-adjusted,362.67,"UN Tourism World Tourism Barometer Statistical Annex, chart A-6 and table A-14"
Asia and the Pacific,2019,2,2019-02,30.366,million arrivals,digitized from official UN Tourism chart; annual-adjusted,362.67,"UN Tourism World Tourism Barometer Statistical Annex, chart A-6 and table A-14"
Asia and the Pacific,2019,3,2019-03,31.985,million arrivals,digitized from official UN Tourism chart; annual-adjusted,362.67,"UN Tourism World Tourism Barometer Statistical Annex, chart A-6 and table A-14"
Asia and the Pacific,2019,4,2019-04,31.581,million arrivals,digitized from official UN Tourism chart; annual-adjusted,362.67,"UN Tourism World Tourism Barometer Statistical Annex, chart A-6 and table A-14"
Asia and the Pacific,2019,5,2019-05,29.354,million arrivals,digitized from official UN Tourism chart; annual-adjusted,362.67,"UN Tourism World Tourism Barometer Statistical Annex, chart A-6 and table A-14"
Asia and the Pacific,2019,6,2019-06,29.556,million arrivals,digitized from official UN Tourism chart; annual-adjusted,362.67,"UN Tourism World Tourism Barometer Statistical Annex, chart A-6 and table A-14"
Asia and the Pacific,2019,7,2019-07,30.872,million arrivals,digitized from official UN Tourism chart; annual-adjusted,362.67,"UN Tourism World Tourism Barometer Statistical Annex, chart A-6 and table A-14"
Asia and the Pacific,2019,8,2019-08,30.366,million arrivals,digitized from official UN Tourism chart; annual-adjusted,362.67,"UN Tourism World Tourism Barometer Statistical Annex, chart A-6 and table A-14"
Asia and the Pacific,2019,9,2019-09,27.127,million arrivals,digitized from official UN Tourism chart; annual-adjusted,362.67,"UN Tourism World Tourism Barometer Statistical Annex, chart A-6 and table A-14"
Asia and the Pacific,2019,10,2019-10,29.354,million arrivals,digitized from official UN Tourism chart; annual-adjusted,362.67,"UN Tourism World Tourism Barometer Statistical Annex, chart A-6 and table A-14"
Asia and the Pacific,2019,11,2019-11,29.556,million arrivals,digitized from official UN Tourism chart; annual-adjusted,362.67,"UN Tourism World Tourism Barometer Statistical Annex, chart A-6 and table A-14"
Asia and the Pacific,2019,12,2019-12,31.682,million arrivals,digitized from official UN Tourism chart; annual-adjusted,362.67,"UN Tourism World Tourism Barometer Statistical Annex, chart A-6 and table A-14"
Asia and the Pacific,2020,1,2020-01,28.512,million arrivals,digitized from official UN Tourism chart; annual-adjusted,59.115,"UN Tourism World Tourism Barometer Statistical Annex, chart A-6 and table A-14"
Asia and the Pacific,2020,2,2020-02,16.157,million arrivals,digitized from official UN Tourism chart; annual-adjusted,59.115,"UN Tourism World Tourism Barometer Statistical Annex, chart A-6 and table A-14"
Asia and the Pacific,2020,3,2020-03,3.802,million arrivals,digitized from official UN Tourism chart; annual-adjusted,59.115,"UN Tourism World Tourism Barometer Statistical Annex, chart A-6 and table A-14"
Asia and the Pacific,2020,4,2020-04,0.95,million arrivals,digitized from official UN Tourism chart; annual-adjusted,59.115,"UN Tourism World Tourism Barometer Statistical Annex, chart A-6 and table A-14"
Asia and the Pacific,2020,5,2020-05,0.95,million arrivals,digitized from official UN Tourism chart; annual-adjusted,59.115,"UN Tourism World Tourism Barometer Statistical Annex, chart A-6 and table A-14"
Asia and the Pacific,2020,6,2020-06,0.95,million arrivals,digitized from official UN Tourism chart; annual-adjusted,59.115,"UN Tourism World Tourism Barometer Statistical Annex, chart A-6 and table A-14"
Asia and the Pacific,2020,7,2020-07,1.426,million arrivals,digitized from official UN Tourism chart; annual-adjusted,59.115,"UN Tourism World Tourism Barometer Statistical Annex, chart A-6 and table A-14"
Asia and the Pacific,2020,8,2020-08,2.376,million arrivals,digitized from official UN Tourism chart; annual-adjusted,59.115,"UN Tourism World Tourism Barometer Statistical Annex, chart A-6 and table A-14"
Asia and the Pacific,2020,9,2020-09,1.901,million arrivals,digitized from official UN Tourism chart; annual-adjusted,59.115,"UN Tourism World Tourism Barometer Statistical Annex, chart A-6 and table A-14"
Asia and the Pacific,2020,10,2020-10,0.76,million arrivals,digitized from official UN Tourism chart; annual-adjusted,59.115,"UN Tourism World Tourism Barometer Statistical Annex, chart A-6 and table A-14"
Asia and the Pacific,2020,11,2020-11,0.57,million arrivals,digitized from official UN Tourism chart; annual-adjusted,59.115,"UN Tourism World Tourism Barometer Statistical Annex, chart A-6 and table A-14"
Asia and the Pacific,2020,12,2020-12,0.76,million arrivals,digitized from official UN Tourism chart; annual-adjusted,59.115,"UN Tourism World Tourism Barometer Statistical Annex, chart A-6 and table A-14"
Asia and the Pacific,2021,1,2021-01,1.516,million arrivals,digitized from official UN Tourism chart; annual-adjusted,26.475,"UN Tourism World Tourism Barometer Statistical Annex, chart A-6 and table A-14"
Asia and the Pacific,2021,2,2021-02,1.516,million arrivals,digitized from official UN Tourism chart; annual-adjusted,26.475,"UN Tourism World Tourism Barometer Statistical Annex, chart A-6 and table A-14"
Asia and the Pacific,2021,3,2021-03,1.718,million arrivals,digitized from official UN Tourism chart; annual-adjusted,26.475,"UN Tourism World Tourism Barometer Statistical Annex, chart A-6 and table A-14"
Asia and the Pacific,2021,4,2021-04,2.021,million arrivals,digitized from official UN Tourism chart; annual-adjusted,26.475,"UN Tourism World Tourism Barometer Statistical Annex, chart A-6 and table A-14"
Asia and the Pacific,2021,5,2021-05,2.021,million arrivals,digitized from official UN Tourism chart; annual-adjusted,26.475,"UN Tourism World Tourism Barometer Statistical Annex, chart A-6 and table A-14"
Asia and the Pacific,2021,6,2021-06,2.021,million arrivals,digitized from official UN Tourism chart; annual-adjusted,26.475,"UN Tourism World Tourism Barometer Statistical Annex, chart A-6 and table A-14"
Asia and the Pacific,2021,7,2021-07,2.324,million arrivals,digitized from official UN Tourism chart; annual-adjusted,26.475,"UN Tourism World Tourism Barometer Statistical Annex, chart A-6 and table A-14"
Asia and the Pacific,2021,8,2021-08,2.122,million arrivals,digitized from official UN Tourism chart; annual-adjusted,26.475,"UN Tourism World Tourism Barometer Statistical Annex, chart A-6 and table A-14"
Asia and the Pacific,2021,9,2021-09,2.021,million arrivals,digitized from official UN Tourism chart; annual-adjusted,26.475,"UN Tourism World Tourism Barometer Statistical Annex, chart A-6 and table A-14"
Asia and the Pacific,2021,10,2021-10,2.324,million arrivals,digitized from official UN Tourism chart; annual-adjusted,26.475,"UN Tourism World Tourism Barometer Statistical Annex, chart A-6 and table A-14"
Asia and the Pacific,2021,11,2021-11,3.031,million arrivals,digitized from official UN Tourism chart; annual-adjusted,26.475,"UN Tourism World Tourism Barometer Statistical Annex, chart A-6 and table A-14"
Asia and the Pacific,2021,12,2021-12,3.84,million arrivals,digitized from official UN Tourism chart; annual-adjusted,26.475,"UN Tourism World Tourism Barometer Statistical Annex, chart A-6 and table A-14"
Asia and the Pacific,2022,1,2022-01,2.453,million arrivals,digitized from official UN Tourism chart; annual-adjusted,93.335,"UN Tourism World Tourism Barometer Statistical Annex, chart A-6 and table A-14"
Asia and the Pacific,2022,2,2022-02,2.56,million arrivals,digitized from official UN Tourism chart; annual-adjusted,93.335,"UN Tourism World Tourism Barometer Statistical Annex, chart A-6 and table A-14"
Asia and the Pacific,2022,3,2022-03,2.987,million arrivals,digitized from official UN Tourism chart; annual-adjusted,93.335,"UN Tourism World Tourism Barometer Statistical Annex, chart A-6 and table A-14"
Asia and the Pacific,2022,4,2022-04,4.267,million arrivals,digitized from official UN Tourism chart; annual-adjusted,93.335,"UN Tourism World Tourism Barometer Statistical Annex, chart A-6 and table A-14"
Asia and the Pacific,2022,5,2022-05,5.76,million arrivals,digitized from official UN Tourism chart; annual-adjusted,93.335,"UN Tourism World Tourism Barometer Statistical Annex, chart A-6 and table A-14"
Asia and the Pacific,2022,6,2022-06,7.253,million arrivals,digitized from official UN Tourism chart; annual-adjusted,93.335,"UN Tourism World Tourism Barometer Statistical Annex, chart A-6 and table A-14"
Asia and the Pacific,2022,7,2022-07,9.28,million arrivals,digitized from official UN Tourism chart; annual-adjusted,93.335,"UN Tourism World Tourism Barometer Statistical Annex, chart A-6 and table A-14"
Asia and the Pacific,2022,8,2022-08,9.28,million arrivals,digitized from official UN Tourism chart; annual-adjusted,93.335,"UN Tourism World Tourism Barometer Statistical Annex, chart A-6 and table A-14"
Asia and the Pacific,2022,9,2022-09,9.494,million arrivals,digitized from official UN Tourism chart; annual-adjusted,93.335,"UN Tourism World Tourism Barometer Statistical Annex, chart A-6 and table A-14"
Asia and the Pacific,2022,10,2022-10,11.2,million arrivals,digitized from official UN Tourism chart; annual-adjusted,93.335,"UN Tourism World Tourism Barometer Statistical Annex, chart A-6 and table A-14"
Asia and the Pacific,2022,11,2022-11,12.8,million arrivals,digitized from official UN Tourism chart; annual-adjusted,93.335,"UN Tourism World Tourism Barometer Statistical Annex, chart A-6 and table A-14"
Asia and the Pacific,2022,12,2022-12,16.0,million arrivals,digitized from official UN Tourism chart; annual-adjusted,93.335,"UN Tourism World Tourism Barometer Statistical Annex, chart A-6 and table A-14"
Asia and the Pacific,2023,1,2023-01,14.57,million arrivals,digitized from official UN Tourism chart; annual-adjusted,237.235,"UN Tourism World Tourism Barometer Statistical Annex, chart A-6 and table A-14"
Asia and the Pacific,2023,2,2023-02,15.575,million arrivals,digitized from official UN Tourism chart; annual-adjusted,237.235,"UN Tourism World Tourism Barometer Statistical Annex, chart A-6 and table A-14"
Asia and the Pacific,2023,3,2023-03,17.584,million arrivals,digitized from official UN Tourism chart; annual-adjusted,237.235,"UN Tourism World Tourism Barometer Statistical Annex, chart A-6 and table A-14"
Asia and the Pacific,2023,4,2023-04,18.087,million arrivals,digitized from official UN Tourism chart; annual-adjusted,237.235,"UN Tourism World Tourism Barometer Statistical Annex, chart A-6 and table A-14"
Asia and the Pacific,2023,5,2023-05,18.087,million arrivals,digitized from official UN Tourism chart; annual-adjusted,237.235,"UN Tourism World Tourism Barometer Statistical Annex, chart A-6 and table A-14"
Asia and the Pacific,2023,6,2023-06,19.594,million arrivals,digitized from official UN Tourism chart; annual-adjusted,237.235,"UN Tourism World Tourism Barometer Statistical Annex, chart A-6 and table A-14"
Asia and the Pacific,2023,7,2023-07,21.603,million arrivals,digitized from official UN Tourism chart; annual-adjusted,237.235,"UN Tourism World Tourism Barometer Statistical Annex, chart A-6 and table A-14"
Asia and the Pacific,2023,8,2023-08,22.106,million arrivals,digitized from official UN Tourism chart; annual-adjusted,237.235,"UN Tourism World Tourism Barometer Statistical Annex, chart A-6 and table A-14"
Asia and the Pacific,2023,9,2023-09,20.297,million arrivals,digitized from official UN Tourism chart; annual-adjusted,237.235,"UN Tourism World Tourism Barometer Statistical Annex, chart A-6 and table A-14"
Asia and the Pacific,2023,10,2023-10,21.704,million arrivals,digitized from official UN Tourism chart; annual-adjusted,237.235,"UN Tourism World Tourism Barometer Statistical Annex, chart A-6 and table A-14"
Asia and the Pacific,2023,11,2023-11,22.307,million arrivals,digitized from official UN Tourism chart; annual-adjusted,237.235,"UN Tourism World Tourism Barometer Statistical Annex, chart A-6 and table A-14"
Asia and the Pacific,2023,12,2023-12,25.723,million arrivals,digitized from official UN Tourism chart; annual-adjusted,237.235,"UN Tourism World Tourism Barometer Statistical Annex, chart A-6 and table A-14"
Asia and the Pacific,2024,1,2024-01,24.543,million arrivals,computed from official UN Tourism 2024 vs 2019 monthly percentage; 2024 partial,,"UN Tourism World Tourism Barometer Statistical Annex, chart A-6 and table A-14"
Asia and the Pacific,2024,2,2024-02,25.69,million arrivals,computed from official UN Tourism 2024 vs 2019 monthly percentage; 2024 partial,,"UN Tourism World Tourism Barometer Statistical Annex, chart A-6 and table A-14"
Asia and the Pacific,2024,3,2024-03,26.1,million arrivals,computed from official UN Tourism 2024 vs 2019 monthly percentage; 2024 partial,,"UN Tourism World Tourism Barometer Statistical Annex, chart A-6 and table A-14"
